record_uid,dataset,priority_group,error
K-NET:12120,K-NET,other,'missing K-NET waveform key for K-NET:12120'
K-NET:12121,K-NET,other,'missing K-NET waveform key for K-NET:12121'
K-NET:12288,K-NET,other,'missing K-NET waveform key for K-NET:12288'
K-NET:12289,K-NET,other,'missing K-NET waveform key for K-NET:12289'
K-NET:12527,K-NET,other,'missing K-NET waveform key for K-NET:12527'
K-NET:13363,K-NET,other,'missing K-NET waveform key for K-NET:13363'
K-NET:21807,K-NET,other,'missing K-NET waveform key for K-NET:21807'
K-NET:2783,K-NET,other,'missing K-NET waveform key for K-NET:2783'
K-NET:3199,K-NET,other,'missing K-NET waveform key for K-NET:3199'
K-NET:7373,K-NET,other,'missing K-NET waveform key for K-NET:7373'
K-NET:7374,K-NET,other,'missing K-NET waveform key for K-NET:7374'
K-NET:7378,K-NET,other,'missing K-NET waveform key for K-NET:7378'
K-NET:7403,K-NET,other,'missing K-NET waveform key for K-NET:7403'
K-NET:7413,K-NET,other,'missing K-NET waveform key for K-NET:7413'
K-NET:7418,K-NET,other,'missing K-NET waveform key for K-NET:7418'
K-NET:7457,K-NET,other,'missing K-NET waveform key for K-NET:7457'
K-NET:11638,K-NET,other,'missing K-NET waveform key for K-NET:11638'
K-NET:12735,K-NET,other,'missing K-NET waveform key for K-NET:12735'
K-NET:13230,K-NET,other,'missing K-NET waveform key for K-NET:13230'
K-NET:13233,K-NET,other,'missing K-NET waveform key for K-NET:13233'
K-NET:15391,K-NET,other,'missing K-NET waveform key for K-NET:15391'
K-NET:15423,K-NET,other,'missing K-NET waveform key for K-NET:15423'
K-NET:16877,K-NET,other,'missing K-NET waveform key for K-NET:16877'
K-NET:17265,K-NET,other,'missing K-NET waveform key for K-NET:17265'
K-NET:17797,K-NET,other,'missing K-NET waveform key for K-NET:17797'
K-NET:17951,K-NET,other,'missing K-NET waveform key for K-NET:17951'
K-NET:17958,K-NET,other,'missing K-NET waveform key for K-NET:17958'
K-NET:18570,K-NET,other,'missing K-NET waveform key for K-NET:18570'
K-NET:18746,K-NET,other,'missing K-NET waveform key for K-NET:18746'
K-NET:18747,K-NET,other,'missing K-NET waveform key for K-NET:18747'
K-NET:18750,K-NET,other,'missing K-NET waveform key for K-NET:18750'
K-NET:18751,K-NET,other,'missing K-NET waveform key for K-NET:18751'
K-NET:18957,K-NET,other,'missing K-NET waveform key for K-NET:18957'
K-NET:19059,K-NET,other,'missing K-NET waveform key for K-NET:19059'
K-NET:19849,K-NET,other,'missing K-NET waveform key for K-NET:19849'
K-NET:21416,K-NET,other,'missing K-NET waveform key for K-NET:21416'
K-NET:21437,K-NET,other,'missing K-NET waveform key for K-NET:21437'
K-NET:21438,K-NET,other,'missing K-NET waveform key for K-NET:21438'
K-NET:21440,K-NET,other,'missing K-NET waveform key for K-NET:21440'
K-NET:21761,K-NET,other,'missing K-NET waveform key for K-NET:21761'
K-NET:226,K-NET,other,'missing K-NET waveform key for K-NET:226'
K-NET:227,K-NET,other,'missing K-NET waveform key for K-NET:227'
K-NET:2575,K-NET,other,'missing K-NET waveform key for K-NET:2575'
K-NET:2578,K-NET,other,'missing K-NET waveform key for K-NET:2578'
K-NET:3221,K-NET,other,'missing K-NET waveform key for K-NET:3221'
K-NET:3227,K-NET,other,'missing K-NET waveform key for K-NET:3227'
K-NET:3230,K-NET,other,'missing K-NET waveform key for K-NET:3230'
K-NET:3291,K-NET,other,'missing K-NET waveform key for K-NET:3291'
K-NET:397,K-NET,other,'missing K-NET waveform key for K-NET:397'
K-NET:4148,K-NET,other,'missing K-NET waveform key for K-NET:4148'
K-NET:5599,K-NET,other,'missing K-NET waveform key for K-NET:5599'
K-NET:667,K-NET,other,'missing K-NET waveform key for K-NET:667'
K-NET:672,K-NET,other,'missing K-NET waveform key for K-NET:672'
K-NET:675,K-NET,other,'missing K-NET waveform key for K-NET:675'
K-NET:684,K-NET,other,'missing K-NET waveform key for K-NET:684'
K-NET:691,K-NET,other,'missing K-NET waveform key for K-NET:691'
K-NET:7314,K-NET,other,'missing K-NET waveform key for K-NET:7314'
K-NET:8577,K-NET,other,'missing K-NET waveform key for K-NET:8577'
K-NET:9324,K-NET,other,'missing K-NET waveform key for K-NET:9324'
K-NET:10190,K-NET,other,'missing K-NET waveform key for K-NET:10190'
K-NET:10192,K-NET,other,'missing K-NET waveform key for K-NET:10192'
K-NET:10193,K-NET,other,'missing K-NET waveform key for K-NET:10193'
K-NET:11605,K-NET,other,'missing K-NET waveform key for K-NET:11605'
K-NET:13170,K-NET,other,'missing K-NET waveform key for K-NET:13170'
K-NET:14390,K-NET,other,'missing K-NET waveform key for K-NET:14390'
K-NET:14392,K-NET,other,'missing K-NET waveform key for K-NET:14392'
K-NET:14396,K-NET,other,'missing K-NET waveform key for K-NET:14396'
K-NET:14401,K-NET,other,'missing K-NET waveform key for K-NET:14401'
K-NET:16033,K-NET,other,'missing K-NET waveform key for K-NET:16033'
K-NET:16042,K-NET,other,'missing K-NET waveform key for K-NET:16042'
K-NET:16044,K-NET,other,'missing K-NET waveform key for K-NET:16044'
K-NET:16781,K-NET,other,'missing K-NET waveform key for K-NET:16781'
K-NET:16797,K-NET,other,'missing K-NET waveform key for K-NET:16797'
K-NET:17465,K-NET,other,'missing K-NET waveform key for K-NET:17465'
K-NET:17691,K-NET,other,'missing K-NET waveform key for K-NET:17691'
K-NET:1836,K-NET,other,'missing K-NET waveform key for K-NET:1836'
K-NET:1837,K-NET,other,'missing K-NET waveform key for K-NET:1837'
K-NET:18791,K-NET,other,'missing K-NET waveform key for K-NET:18791'
K-NET:18799,K-NET,other,'missing K-NET waveform key for K-NET:18799'
K-NET:19943,K-NET,other,'missing K-NET waveform key for K-NET:19943'
K-NET:19953,K-NET,other,'missing K-NET waveform key for K-NET:19953'
K-NET:22071,K-NET,other,'missing K-NET waveform key for K-NET:22071'
K-NET:3710,K-NET,other,'missing K-NET waveform key for K-NET:3710'
K-NET:3717,K-NET,other,'missing K-NET waveform key for K-NET:3717'
K-NET:7367,K-NET,other,'missing K-NET waveform key for K-NET:7367'
K-NET:15549,K-NET,other,'missing K-NET waveform key for K-NET:15549'
K-NET:15565,K-NET,other,'missing K-NET waveform key for K-NET:15565'
K-NET:15568,K-NET,other,'missing K-NET waveform key for K-NET:15568'
K-NET:702,K-NET,other,'missing K-NET waveform key for K-NET:702'
K-NET:710,K-NET,other,'missing K-NET waveform key for K-NET:710'
K-NET:18669,K-NET,other,'missing K-NET waveform key for K-NET:18669'
K-NET:10992,K-NET,other,'missing K-NET waveform key for K-NET:10992'
K-NET:11750,K-NET,other,'missing K-NET waveform key for K-NET:11750'
K-NET:11772,K-NET,other,'missing K-NET waveform key for K-NET:11772'
K-NET:12099,K-NET,other,'missing K-NET waveform key for K-NET:12099'
K-NET:12103,K-NET,other,'missing K-NET waveform key for K-NET:12103'
K-NET:12141,K-NET,other,'missing K-NET waveform key for K-NET:12141'
K-NET:12314,K-NET,other,'missing K-NET waveform key for K-NET:12314'
K-NET:12557,K-NET,other,'missing K-NET waveform key for K-NET:12557'
K-NET:12652,K-NET,other,'missing K-NET waveform key for K-NET:12652'
K-NET:12767,K-NET,other,'missing K-NET waveform key for K-NET:12767'
K-NET:12868,K-NET,other,'missing K-NET waveform key for K-NET:12868'
K-NET:13147,K-NET,other,'missing K-NET waveform key for K-NET:13147'
K-NET:13264,K-NET,other,'missing K-NET waveform key for K-NET:13264'
K-NET:13406,K-NET,other,'missing K-NET waveform key for K-NET:13406'
K-NET:13418,K-NET,other,'missing K-NET waveform key for K-NET:13418'
K-NET:13463,K-NET,other,'missing K-NET waveform key for K-NET:13463'
K-NET:13587,K-NET,other,'missing K-NET waveform key for K-NET:13587'
K-NET:13592,K-NET,other,'missing K-NET waveform key for K-NET:13592'
K-NET:13872,K-NET,other,'missing K-NET waveform key for K-NET:13872'
K-NET:14283,K-NET,other,'missing K-NET waveform key for K-NET:14283'
K-NET:1431,K-NET,other,'missing K-NET waveform key for K-NET:1431'
K-NET:14479,K-NET,other,'missing K-NET waveform key for K-NET:14479'
K-NET:14776,K-NET,other,'missing K-NET waveform key for K-NET:14776'
K-NET:14842,K-NET,other,'missing K-NET waveform key for K-NET:14842'
K-NET:15153,K-NET,other,'missing K-NET waveform key for K-NET:15153'
K-NET:15335,K-NET,other,'missing K-NET waveform key for K-NET:15335'
K-NET:15380,K-NET,other,'missing K-NET waveform key for K-NET:15380'
K-NET:15546,K-NET,other,'missing K-NET waveform key for K-NET:15546'
K-NET:16117,K-NET,other,'missing K-NET waveform key for K-NET:16117'
K-NET:16130,K-NET,other,'missing K-NET waveform key for K-NET:16130'
K-NET:16716,K-NET,other,'missing K-NET waveform key for K-NET:16716'
K-NET:17698,K-NET,other,'missing K-NET waveform key for K-NET:17698'
K-NET:18070,K-NET,other,'missing K-NET waveform key for K-NET:18070'
K-NET:18071,K-NET,other,'missing K-NET waveform key for K-NET:18071'
K-NET:18158,K-NET,other,'missing K-NET waveform key for K-NET:18158'
K-NET:18489,K-NET,other,'missing K-NET waveform key for K-NET:18489'
K-NET:18505,K-NET,other,'missing K-NET waveform key for K-NET:18505'
K-NET:18708,K-NET,other,'missing K-NET waveform key for K-NET:18708'
K-NET:19103,K-NET,other,'missing K-NET waveform key for K-NET:19103'
K-NET:19119,K-NET,other,'missing K-NET waveform key for K-NET:19119'
K-NET:19176,K-NET,other,'missing K-NET waveform key for K-NET:19176'
K-NET:19242,K-NET,other,'missing K-NET waveform key for K-NET:19242'
K-NET:19248,K-NET,other,'missing K-NET waveform key for K-NET:19248'
K-NET:19299,K-NET,other,'missing K-NET waveform key for K-NET:19299'
K-NET:19444,K-NET,other,'missing K-NET waveform key for K-NET:19444'
K-NET:1959,K-NET,other,'missing K-NET waveform key for K-NET:1959'
K-NET:19961,K-NET,other,'missing K-NET waveform key for K-NET:19961'
K-NET:20446,K-NET,other,'missing K-NET waveform key for K-NET:20446'
K-NET:20452,K-NET,other,'missing K-NET waveform key for K-NET:20452'
K-NET:20584,K-NET,other,'missing K-NET waveform key for K-NET:20584'
K-NET:20618,K-NET,other,'missing K-NET waveform key for K-NET:20618'
K-NET:20622,K-NET,other,'missing K-NET waveform key for K-NET:20622'
K-NET:21081,K-NET,other,'missing K-NET waveform key for K-NET:21081'
K-NET:21083,K-NET,other,'missing K-NET waveform key for K-NET:21083'
K-NET:21374,K-NET,other,'missing K-NET waveform key for K-NET:21374'
K-NET:21378,K-NET,other,'missing K-NET waveform key for K-NET:21378'
K-NET:21714,K-NET,other,'missing K-NET waveform key for K-NET:21714'
K-NET:21715,K-NET,other,'missing K-NET waveform key for K-NET:21715'
K-NET:2776,K-NET,other,'missing K-NET waveform key for K-NET:2776'
K-NET:2862,K-NET,other,'missing K-NET waveform key for K-NET:2862'
K-NET:2879,K-NET,other,'missing K-NET waveform key for K-NET:2879'
K-NET:2905,K-NET,other,'missing K-NET waveform key for K-NET:2905'
K-NET:3039,K-NET,other,'missing K-NET waveform key for K-NET:3039'
K-NET:3658,K-NET,other,'missing K-NET waveform key for K-NET:3658'
K-NET:3659,K-NET,other,'missing K-NET waveform key for K-NET:3659'
K-NET:3660,K-NET,other,'missing K-NET waveform key for K-NET:3660'
K-NET:3661,K-NET,other,'missing K-NET waveform key for K-NET:3661'
K-NET:3663,K-NET,other,'missing K-NET waveform key for K-NET:3663'
K-NET:4274,K-NET,other,'missing K-NET waveform key for K-NET:4274'
K-NET:4307,K-NET,other,'missing K-NET waveform key for K-NET:4307'
K-NET:4395,K-NET,other,'missing K-NET waveform key for K-NET:4395'
K-NET:4819,K-NET,other,'missing K-NET waveform key for K-NET:4819'
K-NET:4823,K-NET,other,'missing K-NET waveform key for K-NET:4823'
K-NET:5030,K-NET,other,'missing K-NET waveform key for K-NET:5030'
K-NET:5078,K-NET,other,'missing K-NET waveform key for K-NET:5078'
K-NET:5388,K-NET,other,'missing K-NET waveform key for K-NET:5388'
K-NET:5456,K-NET,other,'missing K-NET waveform key for K-NET:5456'
K-NET:5464,K-NET,other,'missing K-NET waveform key for K-NET:5464'
K-NET:5470,K-NET,other,'missing K-NET waveform key for K-NET:5470'
K-NET:5998,K-NET,other,'missing K-NET waveform key for K-NET:5998'
K-NET:6060,K-NET,other,'missing K-NET waveform key for K-NET:6060'
K-NET:6229,K-NET,other,'missing K-NET waveform key for K-NET:6229'
K-NET:6363,K-NET,other,'missing K-NET waveform key for K-NET:6363'
K-NET:7257,K-NET,other,'missing K-NET waveform key for K-NET:7257'
K-NET:7449,K-NET,other,'missing K-NET waveform key for K-NET:7449'
K-NET:7708,K-NET,other,'missing K-NET waveform key for K-NET:7708'
K-NET:8001,K-NET,other,'missing K-NET waveform key for K-NET:8001'
K-NET:8314,K-NET,other,'missing K-NET waveform key for K-NET:8314'
K-NET:8341,K-NET,other,'missing K-NET waveform key for K-NET:8341'
K-NET:8477,K-NET,other,'missing K-NET waveform key for K-NET:8477'
K-NET:8734,K-NET,other,'missing K-NET waveform key for K-NET:8734'
K-NET:8877,K-NET,other,'missing K-NET waveform key for K-NET:8877'
K-NET:8952,K-NET,other,'missing K-NET waveform key for K-NET:8952'
K-NET:9161,K-NET,other,'missing K-NET waveform key for K-NET:9161'
K-NET:9169,K-NET,other,'missing K-NET waveform key for K-NET:9169'
K-NET:9204,K-NET,other,'missing K-NET waveform key for K-NET:9204'
K-NET:9621,K-NET,other,'missing K-NET waveform key for K-NET:9621'
K-NET:9625,K-NET,other,'missing K-NET waveform key for K-NET:9625'
K-NET:9873,K-NET,other,'missing K-NET waveform key for K-NET:9873'
K-NET:9910,K-NET,other,'missing K-NET waveform key for K-NET:9910'
K-NET:10134,K-NET,other,'missing K-NET waveform key for K-NET:10134'
K-NET:10148,K-NET,other,'missing K-NET waveform key for K-NET:10148'
K-NET:10152,K-NET,other,'missing K-NET waveform key for K-NET:10152'
K-NET:10156,K-NET,other,'missing K-NET waveform key for K-NET:10156'
K-NET:10320,K-NET,other,'missing K-NET waveform key for K-NET:10320'
K-NET:10337,K-NET,other,'missing K-NET waveform key for K-NET:10337'
K-NET:10453,K-NET,other,'missing K-NET waveform key for K-NET:10453'
K-NET:10487,K-NET,other,'missing K-NET waveform key for K-NET:10487'
K-NET:10496,K-NET,other,'missing K-NET waveform key for K-NET:10496'
K-NET:10532,K-NET,other,'missing K-NET waveform key for K-NET:10532'
K-NET:10639,K-NET,other,'missing K-NET waveform key for K-NET:10639'
K-NET:10684,K-NET,other,'missing K-NET waveform key for K-NET:10684'
K-NET:10688,K-NET,other,'missing K-NET waveform key for K-NET:10688'
K-NET:10769,K-NET,other,'missing K-NET waveform key for K-NET:10769'
K-NET:1092,K-NET,other,'missing K-NET waveform key for K-NET:1092'
K-NET:11001,K-NET,other,'missing K-NET waveform key for K-NET:11001'
K-NET:11117,K-NET,other,'missing K-NET waveform key for K-NET:11117'
K-NET:11118,K-NET,other,'missing K-NET waveform key for K-NET:11118'
K-NET:11119,K-NET,other,'missing K-NET waveform key for K-NET:11119'
K-NET:11124,K-NET,other,'missing K-NET waveform key for K-NET:11124'
K-NET:11128,K-NET,other,'missing K-NET waveform key for K-NET:11128'
K-NET:11235,K-NET,other,'missing K-NET waveform key for K-NET:11235'
K-NET:11236,K-NET,other,'missing K-NET waveform key for K-NET:11236'
K-NET:11336,K-NET,other,'missing K-NET waveform key for K-NET:11336'
K-NET:11337,K-NET,other,'missing K-NET waveform key for K-NET:11337'
K-NET:11417,K-NET,other,'missing K-NET waveform key for K-NET:11417'
K-NET:11464,K-NET,other,'missing K-NET waveform key for K-NET:11464'
K-NET:11465,K-NET,other,'missing K-NET waveform key for K-NET:11465'
K-NET:11468,K-NET,other,'missing K-NET waveform key for K-NET:11468'
K-NET:11472,K-NET,other,'missing K-NET waveform key for K-NET:11472'
K-NET:11481,K-NET,other,'missing K-NET waveform key for K-NET:11481'
K-NET:11587,K-NET,other,'missing K-NET waveform key for K-NET:11587'
K-NET:11591,K-NET,other,'missing K-NET waveform key for K-NET:11591'
K-NET:11957,K-NET,other,'missing K-NET waveform key for K-NET:11957'
K-NET:11958,K-NET,other,'missing K-NET waveform key for K-NET:11958'
K-NET:1203,K-NET,other,'missing K-NET waveform key for K-NET:1203'
K-NET:12323,K-NET,other,'missing K-NET waveform key for K-NET:12323'
K-NET:12452,K-NET,other,'missing K-NET waveform key for K-NET:12452'
K-NET:12595,K-NET,other,'missing K-NET waveform key for K-NET:12595'
K-NET:12626,K-NET,other,'missing K-NET waveform key for K-NET:12626'
K-NET:12644,K-NET,other,'missing K-NET waveform key for K-NET:12644'
K-NET:1284,K-NET,other,'missing K-NET waveform key for K-NET:1284'
K-NET:12883,K-NET,other,'missing K-NET waveform key for K-NET:12883'
K-NET:12996,K-NET,other,'missing K-NET waveform key for K-NET:12996'
K-NET:12997,K-NET,other,'missing K-NET waveform key for K-NET:12997'
K-NET:13119,K-NET,other,'missing K-NET waveform key for K-NET:13119'
K-NET:1314,K-NET,other,'missing K-NET waveform key for K-NET:1314'
K-NET:1327,K-NET,other,'missing K-NET waveform key for K-NET:1327'
K-NET:1331,K-NET,other,'missing K-NET waveform key for K-NET:1331'
K-NET:1342,K-NET,other,'missing K-NET waveform key for K-NET:1342'
K-NET:13432,K-NET,other,'missing K-NET waveform key for K-NET:13432'
K-NET:1349,K-NET,other,'missing K-NET waveform key for K-NET:1349'
K-NET:13528,K-NET,other,'missing K-NET waveform key for K-NET:13528'
K-NET:1353,K-NET,other,'missing K-NET waveform key for K-NET:1353'
K-NET:1354,K-NET,other,'missing K-NET waveform key for K-NET:1354'
K-NET:13548,K-NET,other,'missing K-NET waveform key for K-NET:13548'
K-NET:1356,K-NET,other,'missing K-NET waveform key for K-NET:1356'
K-NET:13674,K-NET,other,'missing K-NET waveform key for K-NET:13674'
K-NET:13676,K-NET,other,'missing K-NET waveform key for K-NET:13676'
K-NET:13678,K-NET,other,'missing K-NET waveform key for K-NET:13678'
K-NET:13705,K-NET,other,'missing K-NET waveform key for K-NET:13705'
K-NET:13730,K-NET,other,'missing K-NET waveform key for K-NET:13730'
K-NET:13731,K-NET,other,'missing K-NET waveform key for K-NET:13731'
K-NET:13956,K-NET,other,'missing K-NET waveform key for K-NET:13956'
K-NET:13959,K-NET,other,'missing K-NET waveform key for K-NET:13959'
K-NET:14107,K-NET,other,'missing K-NET waveform key for K-NET:14107'
K-NET:14110,K-NET,other,'missing K-NET waveform key for K-NET:14110'
K-NET:14118,K-NET,other,'missing K-NET waveform key for K-NET:14118'
K-NET:14200,K-NET,other,'missing K-NET waveform key for K-NET:14200'
K-NET:14209,K-NET,other,'missing K-NET waveform key for K-NET:14209'
K-NET:14530,K-NET,other,'missing K-NET waveform key for K-NET:14530'
K-NET:14538,K-NET,other,'missing K-NET waveform key for K-NET:14538'
K-NET:14541,K-NET,other,'missing K-NET waveform key for K-NET:14541'
K-NET:14543,K-NET,other,'missing K-NET waveform key for K-NET:14543'
K-NET:1456,K-NET,other,'missing K-NET waveform key for K-NET:1456'
K-NET:14572,K-NET,other,'missing K-NET waveform key for K-NET:14572'
K-NET:14577,K-NET,other,'missing K-NET waveform key for K-NET:14577'
K-NET:14580,K-NET,other,'missing K-NET waveform key for K-NET:14580'
K-NET:14628,K-NET,other,'missing K-NET waveform key for K-NET:14628'
K-NET:14718,K-NET,other,'missing K-NET waveform key for K-NET:14718'
K-NET:14732,K-NET,other,'missing K-NET waveform key for K-NET:14732'
K-NET:14735,K-NET,other,'missing K-NET waveform key for K-NET:14735'
K-NET:14738,K-NET,other,'missing K-NET waveform key for K-NET:14738'
K-NET:14900,K-NET,other,'missing K-NET waveform key for K-NET:14900'
K-NET:14907,K-NET,other,'missing K-NET waveform key for K-NET:14907'
K-NET:15083,K-NET,other,'missing K-NET waveform key for K-NET:15083'
K-NET:15092,K-NET,other,'missing K-NET waveform key for K-NET:15092'
K-NET:15098,K-NET,other,'missing K-NET waveform key for K-NET:15098'
K-NET:15108,K-NET,other,'missing K-NET waveform key for K-NET:15108'
K-NET:15129,K-NET,other,'missing K-NET waveform key for K-NET:15129'
K-NET:15145,K-NET,other,'missing K-NET waveform key for K-NET:15145'
K-NET:15576,K-NET,other,'missing K-NET waveform key for K-NET:15576'
K-NET:15709,K-NET,other,'missing K-NET waveform key for K-NET:15709'
K-NET:15884,K-NET,other,'missing K-NET waveform key for K-NET:15884'
K-NET:15889,K-NET,other,'missing K-NET waveform key for K-NET:15889'
K-NET:15911,K-NET,other,'missing K-NET waveform key for K-NET:15911'
K-NET:1596,K-NET,other,'missing K-NET waveform key for K-NET:1596'
K-NET:15965,K-NET,other,'missing K-NET waveform key for K-NET:15965'
K-NET:15972,K-NET,other,'missing K-NET waveform key for K-NET:15972'
K-NET:15976,K-NET,other,'missing K-NET waveform key for K-NET:15976'
K-NET:15990,K-NET,other,'missing K-NET waveform key for K-NET:15990'
K-NET:1609,K-NET,other,'missing K-NET waveform key for K-NET:1609'
K-NET:16092,K-NET,other,'missing K-NET waveform key for K-NET:16092'
K-NET:16099,K-NET,other,'missing K-NET waveform key for K-NET:16099'
K-NET:16106,K-NET,other,'missing K-NET waveform key for K-NET:16106'
K-NET:16369,K-NET,other,'missing K-NET waveform key for K-NET:16369'
K-NET:16390,K-NET,other,'missing K-NET waveform key for K-NET:16390'
K-NET:16393,K-NET,other,'missing K-NET waveform key for K-NET:16393'
K-NET:16523,K-NET,other,'missing K-NET waveform key for K-NET:16523'
K-NET:16524,K-NET,other,'missing K-NET waveform key for K-NET:16524'
K-NET:1655,K-NET,other,'missing K-NET waveform key for K-NET:1655'
K-NET:16552,K-NET,other,'missing K-NET waveform key for K-NET:16552'
K-NET:16913,K-NET,other,'missing K-NET waveform key for K-NET:16913'
K-NET:16915,K-NET,other,'missing K-NET waveform key for K-NET:16915'
K-NET:1755,K-NET,other,'missing K-NET waveform key for K-NET:1755'
K-NET:17607,K-NET,other,'missing K-NET waveform key for K-NET:17607'
K-NET:17786,K-NET,other,'missing K-NET waveform key for K-NET:17786'
K-NET:17862,K-NET,other,'missing K-NET waveform key for K-NET:17862'
K-NET:17909,K-NET,other,'missing K-NET waveform key for K-NET:17909'
K-NET:18009,K-NET,other,'missing K-NET waveform key for K-NET:18009'
K-NET:18235,K-NET,other,'missing K-NET waveform key for K-NET:18235'
K-NET:18245,K-NET,other,'missing K-NET waveform key for K-NET:18245'
K-NET:18246,K-NET,other,'missing K-NET waveform key for K-NET:18246'
K-NET:18253,K-NET,other,'missing K-NET waveform key for K-NET:18253'
K-NET:18258,K-NET,other,'missing K-NET waveform key for K-NET:18258'
K-NET:18259,K-NET,other,'missing K-NET waveform key for K-NET:18259'
K-NET:18286,K-NET,other,'missing K-NET waveform key for K-NET:18286'
K-NET:18308,K-NET,other,'missing K-NET waveform key for K-NET:18308'
K-NET:18452,K-NET,other,'missing K-NET waveform key for K-NET:18452'
K-NET:18454,K-NET,other,'missing K-NET waveform key for K-NET:18454'
K-NET:18511,K-NET,other,'missing K-NET waveform key for K-NET:18511'
K-NET:18603,K-NET,other,'missing K-NET waveform key for K-NET:18603'
K-NET:18611,K-NET,other,'missing K-NET waveform key for K-NET:18611'
K-NET:18617,K-NET,other,'missing K-NET waveform key for K-NET:18617'
K-NET:18653,K-NET,other,'missing K-NET waveform key for K-NET:18653'
K-NET:18656,K-NET,other,'missing K-NET waveform key for K-NET:18656'
K-NET:18657,K-NET,other,'missing K-NET waveform key for K-NET:18657'
K-NET:18658,K-NET,other,'missing K-NET waveform key for K-NET:18658'
K-NET:18660,K-NET,other,'missing K-NET waveform key for K-NET:18660'
K-NET:19026,K-NET,other,'missing K-NET waveform key for K-NET:19026'
K-NET:19266,K-NET,other,'missing K-NET waveform key for K-NET:19266'
K-NET:19314,K-NET,other,'missing K-NET waveform key for K-NET:19314'
K-NET:19316,K-NET,other,'missing K-NET waveform key for K-NET:19316'
K-NET:19390,K-NET,other,'missing K-NET waveform key for K-NET:19390'
K-NET:19417,K-NET,other,'missing K-NET waveform key for K-NET:19417'
K-NET:19610,K-NET,other,'missing K-NET waveform key for K-NET:19610'
K-NET:19778,K-NET,other,'missing K-NET waveform key for K-NET:19778'
K-NET:19794,K-NET,other,'missing K-NET waveform key for K-NET:19794'
K-NET:19797,K-NET,other,'missing K-NET waveform key for K-NET:19797'
K-NET:19844,K-NET,other,'missing K-NET waveform key for K-NET:19844'
K-NET:19905,K-NET,other,'missing K-NET waveform key for K-NET:19905'
K-NET:19983,K-NET,other,'missing K-NET waveform key for K-NET:19983'
K-NET:20121,K-NET,other,'missing K-NET waveform key for K-NET:20121'
K-NET:20288,K-NET,other,'missing K-NET waveform key for K-NET:20288'
K-NET:20289,K-NET,other,'missing K-NET waveform key for K-NET:20289'
K-NET:20295,K-NET,other,'missing K-NET waveform key for K-NET:20295'
K-NET:20407,K-NET,other,'missing K-NET waveform key for K-NET:20407'
K-NET:20421,K-NET,other,'missing K-NET waveform key for K-NET:20421'
K-NET:20441,K-NET,other,'missing K-NET waveform key for K-NET:20441'
K-NET:20526,K-NET,other,'missing K-NET waveform key for K-NET:20526'
K-NET:20537,K-NET,other,'missing K-NET waveform key for K-NET:20537'
K-NET:2069,K-NET,other,'missing K-NET waveform key for K-NET:2069'
K-NET:2077,K-NET,other,'missing K-NET waveform key for K-NET:2077'
K-NET:2089,K-NET,other,'missing K-NET waveform key for K-NET:2089'
K-NET:20939,K-NET,other,'missing K-NET waveform key for K-NET:20939'
K-NET:2097,K-NET,other,'missing K-NET waveform key for K-NET:2097'
K-NET:2103,K-NET,other,'missing K-NET waveform key for K-NET:2103'
K-NET:2106,K-NET,other,'missing K-NET waveform key for K-NET:2106'
K-NET:21332,K-NET,other,'missing K-NET waveform key for K-NET:21332'
K-NET:2136,K-NET,other,'missing K-NET waveform key for K-NET:2136'
K-NET:21365,K-NET,other,'missing K-NET waveform key for K-NET:21365'
K-NET:21549,K-NET,other,'missing K-NET waveform key for K-NET:21549'
K-NET:21552,K-NET,other,'missing K-NET waveform key for K-NET:21552'
K-NET:21560,K-NET,other,'missing K-NET waveform key for K-NET:21560'
K-NET:21572,K-NET,other,'missing K-NET waveform key for K-NET:21572'
K-NET:21577,K-NET,other,'missing K-NET waveform key for K-NET:21577'
K-NET:21580,K-NET,other,'missing K-NET waveform key for K-NET:21580'
K-NET:21764,K-NET,other,'missing K-NET waveform key for K-NET:21764'
K-NET:21771,K-NET,other,'missing K-NET waveform key for K-NET:21771'
K-NET:21791,K-NET,other,'missing K-NET waveform key for K-NET:21791'
K-NET:21908,K-NET,other,'missing K-NET waveform key for K-NET:21908'
K-NET:21954,K-NET,other,'missing K-NET waveform key for K-NET:21954'
K-NET:22027,K-NET,other,'missing K-NET waveform key for K-NET:22027'
K-NET:2256,K-NET,other,'missing K-NET waveform key for K-NET:2256'
K-NET:2285,K-NET,other,'missing K-NET waveform key for K-NET:2285'
K-NET:2378,K-NET,other,'missing K-NET waveform key for K-NET:2378'
K-NET:2385,K-NET,other,'missing K-NET waveform key for K-NET:2385'
K-NET:239,K-NET,other,'missing K-NET waveform key for K-NET:239'
K-NET:2461,K-NET,other,'missing K-NET waveform key for K-NET:2461'
K-NET:247,K-NET,other,'missing K-NET waveform key for K-NET:247'
K-NET:2487,K-NET,other,'missing K-NET waveform key for K-NET:2487'
K-NET:2624,K-NET,other,'missing K-NET waveform key for K-NET:2624'
K-NET:2762,K-NET,other,'missing K-NET waveform key for K-NET:2762'
K-NET:2871,K-NET,other,'missing K-NET waveform key for K-NET:2871'
K-NET:2872,K-NET,other,'missing K-NET waveform key for K-NET:2872'
K-NET:2873,K-NET,other,'missing K-NET waveform key for K-NET:2873'
K-NET:2876,K-NET,other,'missing K-NET waveform key for K-NET:2876'
K-NET:2992,K-NET,other,'missing K-NET waveform key for K-NET:2992'
K-NET:2994,K-NET,other,'missing K-NET waveform key for K-NET:2994'
K-NET:3249,K-NET,other,'missing K-NET waveform key for K-NET:3249'
K-NET:3257,K-NET,other,'missing K-NET waveform key for K-NET:3257'
K-NET:3260,K-NET,other,'missing K-NET waveform key for K-NET:3260'
K-NET:343,K-NET,other,'missing K-NET waveform key for K-NET:343'
K-NET:3560,K-NET,other,'missing K-NET waveform key for K-NET:3560'
K-NET:3615,K-NET,other,'missing K-NET waveform key for K-NET:3615'
K-NET:3686,K-NET,other,'missing K-NET waveform key for K-NET:3686'
K-NET:3769,K-NET,other,'missing K-NET waveform key for K-NET:3769'
K-NET:3783,K-NET,other,'missing K-NET waveform key for K-NET:3783'
K-NET:3793,K-NET,other,'missing K-NET waveform key for K-NET:3793'
K-NET:3945,K-NET,other,'missing K-NET waveform key for K-NET:3945'
K-NET:436,K-NET,other,'missing K-NET waveform key for K-NET:436'
K-NET:437,K-NET,other,'missing K-NET waveform key for K-NET:437'
K-NET:4378,K-NET,other,'missing K-NET waveform key for K-NET:4378'
K-NET:4380,K-NET,other,'missing K-NET waveform key for K-NET:4380'
K-NET:443,K-NET,other,'missing K-NET waveform key for K-NET:443'
K-NET:4455,K-NET,other,'missing K-NET waveform key for K-NET:4455'
K-NET:446,K-NET,other,'missing K-NET waveform key for K-NET:446'
K-NET:4460,K-NET,other,'missing K-NET waveform key for K-NET:4460'
K-NET:4490,K-NET,other,'missing K-NET waveform key for K-NET:4490'
K-NET:4538,K-NET,other,'missing K-NET waveform key for K-NET:4538'
K-NET:4566,K-NET,other,'missing K-NET waveform key for K-NET:4566'
K-NET:4571,K-NET,other,'missing K-NET waveform key for K-NET:4571'
K-NET:4597,K-NET,other,'missing K-NET waveform key for K-NET:4597'
K-NET:4731,K-NET,other,'missing K-NET waveform key for K-NET:4731'
K-NET:4733,K-NET,other,'missing K-NET waveform key for K-NET:4733'
K-NET:4838,K-NET,other,'missing K-NET waveform key for K-NET:4838'
K-NET:4843,K-NET,other,'missing K-NET waveform key for K-NET:4843'
K-NET:4846,K-NET,other,'missing K-NET waveform key for K-NET:4846'
K-NET:4847,K-NET,other,'missing K-NET waveform key for K-NET:4847'
K-NET:4859,K-NET,other,'missing K-NET waveform key for K-NET:4859'
K-NET:4861,K-NET,other,'missing K-NET waveform key for K-NET:4861'
K-NET:4879,K-NET,other,'missing K-NET waveform key for K-NET:4879'
K-NET:5009,K-NET,other,'missing K-NET waveform key for K-NET:5009'
K-NET:5012,K-NET,other,'missing K-NET waveform key for K-NET:5012'
K-NET:5018,K-NET,other,'missing K-NET waveform key for K-NET:5018'
K-NET:5019,K-NET,other,'missing K-NET waveform key for K-NET:5019'
K-NET:5020,K-NET,other,'missing K-NET waveform key for K-NET:5020'
K-NET:5026,K-NET,other,'missing K-NET waveform key for K-NET:5026'
K-NET:5108,K-NET,other,'missing K-NET waveform key for K-NET:5108'
K-NET:53,K-NET,other,'missing K-NET waveform key for K-NET:53'
K-NET:5382,K-NET,other,'missing K-NET waveform key for K-NET:5382'
K-NET:5385,K-NET,other,'missing K-NET waveform key for K-NET:5385'
K-NET:5636,K-NET,other,'missing K-NET waveform key for K-NET:5636'
K-NET:5869,K-NET,other,'missing K-NET waveform key for K-NET:5869'
K-NET:5875,K-NET,other,'missing K-NET waveform key for K-NET:5875'
K-NET:5877,K-NET,other,'missing K-NET waveform key for K-NET:5877'
K-NET:5884,K-NET,other,'missing K-NET waveform key for K-NET:5884'
K-NET:5892,K-NET,other,'missing K-NET waveform key for K-NET:5892'
K-NET:5979,K-NET,other,'missing K-NET waveform key for K-NET:5979'
K-NET:6085,K-NET,other,'missing K-NET waveform key for K-NET:6085'
K-NET:6090,K-NET,other,'missing K-NET waveform key for K-NET:6090'
K-NET:62,K-NET,other,'missing K-NET waveform key for K-NET:62'
K-NET:6201,K-NET,other,'missing K-NET waveform key for K-NET:6201'
K-NET:6210,K-NET,other,'missing K-NET waveform key for K-NET:6210'
K-NET:64,K-NET,other,'missing K-NET waveform key for K-NET:64'
K-NET:6551,K-NET,other,'missing K-NET waveform key for K-NET:6551'
K-NET:6552,K-NET,other,'missing K-NET waveform key for K-NET:6552'
K-NET:6622,K-NET,other,'missing K-NET waveform key for K-NET:6622'
K-NET:6624,K-NET,other,'missing K-NET waveform key for K-NET:6624'
K-NET:6630,K-NET,other,'missing K-NET waveform key for K-NET:6630'
K-NET:68,K-NET,other,'missing K-NET waveform key for K-NET:68'
K-NET:6883,K-NET,other,'missing K-NET waveform key for K-NET:6883'
K-NET:7032,K-NET,other,'missing K-NET waveform key for K-NET:7032'
K-NET:71,K-NET,other,'missing K-NET waveform key for K-NET:71'
K-NET:7228,K-NET,other,'missing K-NET waveform key for K-NET:7228'
K-NET:747,K-NET,other,'missing K-NET waveform key for K-NET:747'
K-NET:748,K-NET,other,'missing K-NET waveform key for K-NET:748'
K-NET:758,K-NET,other,'missing K-NET waveform key for K-NET:758'
K-NET:7589,K-NET,other,'missing K-NET waveform key for K-NET:7589'
K-NET:7684,K-NET,other,'missing K-NET waveform key for K-NET:7684'
K-NET:7688,K-NET,other,'missing K-NET waveform key for K-NET:7688'
K-NET:7855,K-NET,other,'missing K-NET waveform key for K-NET:7855'
K-NET:7856,K-NET,other,'missing K-NET waveform key for K-NET:7856'
K-NET:8096,K-NET,other,'missing K-NET waveform key for K-NET:8096'
K-NET:8188,K-NET,other,'missing K-NET waveform key for K-NET:8188'
K-NET:8363,K-NET,other,'missing K-NET waveform key for K-NET:8363'
K-NET:8366,K-NET,other,'missing K-NET waveform key for K-NET:8366'
K-NET:8370,K-NET,other,'missing K-NET waveform key for K-NET:8370'
K-NET:8376,K-NET,other,'missing K-NET waveform key for K-NET:8376'
K-NET:8438,K-NET,other,'missing K-NET waveform key for K-NET:8438'
K-NET:8440,K-NET,other,'missing K-NET waveform key for K-NET:8440'
K-NET:852,K-NET,other,'missing K-NET waveform key for K-NET:852'
K-NET:8541,K-NET,other,'missing K-NET waveform key for K-NET:8541'
K-NET:858,K-NET,other,'missing K-NET waveform key for K-NET:858'
K-NET:859,K-NET,other,'missing K-NET waveform key for K-NET:859'
K-NET:866,K-NET,other,'missing K-NET waveform key for K-NET:866'
K-NET:8822,K-NET,other,'missing K-NET waveform key for K-NET:8822'
K-NET:8863,K-NET,other,'missing K-NET waveform key for K-NET:8863'
K-NET:8871,K-NET,other,'missing K-NET waveform key for K-NET:8871'
K-NET:8874,K-NET,other,'missing K-NET waveform key for K-NET:8874'
K-NET:8933,K-NET,other,'missing K-NET waveform key for K-NET:8933'
K-NET:8936,K-NET,other,'missing K-NET waveform key for K-NET:8936'
K-NET:898,K-NET,other,'missing K-NET waveform key for K-NET:898'
K-NET:9272,K-NET,other,'missing K-NET waveform key for K-NET:9272'
K-NET:935,K-NET,other,'missing K-NET waveform key for K-NET:935'
K-NET:9772,K-NET,other,'missing K-NET waveform key for K-NET:9772'
K-NET:9983,K-NET,other,'missing K-NET waveform key for K-NET:9983'
K-NET:10032,K-NET,other,'missing K-NET waveform key for K-NET:10032'
K-NET:10656,K-NET,other,'missing K-NET waveform key for K-NET:10656'
K-NET:10677,K-NET,other,'missing K-NET waveform key for K-NET:10677'
K-NET:10682,K-NET,other,'missing K-NET waveform key for K-NET:10682'
K-NET:10804,K-NET,other,'missing K-NET waveform key for K-NET:10804'
K-NET:10822,K-NET,other,'missing K-NET waveform key for K-NET:10822'
K-NET:11251,K-NET,other,'missing K-NET waveform key for K-NET:11251'
K-NET:11252,K-NET,other,'missing K-NET waveform key for K-NET:11252'
K-NET:11259,K-NET,other,'missing K-NET waveform key for K-NET:11259'
K-NET:11260,K-NET,other,'missing K-NET waveform key for K-NET:11260'
K-NET:11282,K-NET,other,'missing K-NET waveform key for K-NET:11282'
K-NET:11283,K-NET,other,'missing K-NET waveform key for K-NET:11283'
K-NET:1162,K-NET,other,'missing K-NET waveform key for K-NET:1162'
K-NET:1175,K-NET,other,'missing K-NET waveform key for K-NET:1175'
K-NET:1179,K-NET,other,'missing K-NET waveform key for K-NET:1179'
K-NET:11846,K-NET,other,'missing K-NET waveform key for K-NET:11846'
K-NET:11850,K-NET,other,'missing K-NET waveform key for K-NET:11850'
K-NET:11853,K-NET,other,'missing K-NET waveform key for K-NET:11853'
K-NET:11859,K-NET,other,'missing K-NET waveform key for K-NET:11859'
K-NET:11868,K-NET,other,'missing K-NET waveform key for K-NET:11868'
K-NET:1187,K-NET,other,'missing K-NET waveform key for K-NET:1187'
K-NET:11876,K-NET,other,'missing K-NET waveform key for K-NET:11876'
K-NET:1188,K-NET,other,'missing K-NET waveform key for K-NET:1188'
K-NET:1193,K-NET,other,'missing K-NET waveform key for K-NET:1193'
K-NET:12235,K-NET,other,'missing K-NET waveform key for K-NET:12235'
K-NET:12681,K-NET,other,'missing K-NET waveform key for K-NET:12681'
K-NET:12692,K-NET,other,'missing K-NET waveform key for K-NET:12692'
K-NET:12741,K-NET,other,'missing K-NET waveform key for K-NET:12741'
K-NET:13066,K-NET,other,'missing K-NET waveform key for K-NET:13066'
K-NET:13074,K-NET,other,'missing K-NET waveform key for K-NET:13074'
K-NET:13180,K-NET,other,'missing K-NET waveform key for K-NET:13180'
K-NET:13246,K-NET,other,'missing K-NET waveform key for K-NET:13246'
K-NET:1370,K-NET,other,'missing K-NET waveform key for K-NET:1370'
K-NET:13796,K-NET,other,'missing K-NET waveform key for K-NET:13796'
K-NET:13801,K-NET,other,'missing K-NET waveform key for K-NET:13801'
K-NET:13808,K-NET,other,'missing K-NET waveform key for K-NET:13808'
K-NET:13810,K-NET,other,'missing K-NET waveform key for K-NET:13810'
K-NET:140,K-NET,other,'missing K-NET waveform key for K-NET:140'
K-NET:14035,K-NET,other,'missing K-NET waveform key for K-NET:14035'
K-NET:14053,K-NET,other,'missing K-NET waveform key for K-NET:14053'
K-NET:14223,K-NET,other,'missing K-NET waveform key for K-NET:14223'
K-NET:14253,K-NET,other,'missing K-NET waveform key for K-NET:14253'
K-NET:14329,K-NET,other,'missing K-NET waveform key for K-NET:14329'
K-NET:14331,K-NET,other,'missing K-NET waveform key for K-NET:14331'
K-NET:14332,K-NET,other,'missing K-NET waveform key for K-NET:14332'
K-NET:14344,K-NET,other,'missing K-NET waveform key for K-NET:14344'
K-NET:14348,K-NET,other,'missing K-NET waveform key for K-NET:14348'
K-NET:14351,K-NET,other,'missing K-NET waveform key for K-NET:14351'
K-NET:14359,K-NET,other,'missing K-NET waveform key for K-NET:14359'
K-NET:14596,K-NET,other,'missing K-NET waveform key for K-NET:14596'
K-NET:14598,K-NET,other,'missing K-NET waveform key for K-NET:14598'
K-NET:146,K-NET,other,'missing K-NET waveform key for K-NET:146'
K-NET:15045,K-NET,other,'missing K-NET waveform key for K-NET:15045'
K-NET:15046,K-NET,other,'missing K-NET waveform key for K-NET:15046'
K-NET:15060,K-NET,other,'missing K-NET waveform key for K-NET:15060'
K-NET:15062,K-NET,other,'missing K-NET waveform key for K-NET:15062'
K-NET:15234,K-NET,other,'missing K-NET waveform key for K-NET:15234'
K-NET:15285,K-NET,other,'missing K-NET waveform key for K-NET:15285'
K-NET:15288,K-NET,other,'missing K-NET waveform key for K-NET:15288'
K-NET:15317,K-NET,other,'missing K-NET waveform key for K-NET:15317'
K-NET:15331,K-NET,other,'missing K-NET waveform key for K-NET:15331'
K-NET:15427,K-NET,other,'missing K-NET waveform key for K-NET:15427'
K-NET:15474,K-NET,other,'missing K-NET waveform key for K-NET:15474'
K-NET:15647,K-NET,other,'missing K-NET waveform key for K-NET:15647'
K-NET:15797,K-NET,other,'missing K-NET waveform key for K-NET:15797'
K-NET:15799,K-NET,other,'missing K-NET waveform key for K-NET:15799'
K-NET:16503,K-NET,other,'missing K-NET waveform key for K-NET:16503'
K-NET:16728,K-NET,other,'missing K-NET waveform key for K-NET:16728'
K-NET:16731,K-NET,other,'missing K-NET waveform key for K-NET:16731'
K-NET:16962,K-NET,other,'missing K-NET waveform key for K-NET:16962'
K-NET:16966,K-NET,other,'missing K-NET waveform key for K-NET:16966'
K-NET:16974,K-NET,other,'missing K-NET waveform key for K-NET:16974'
K-NET:16975,K-NET,other,'missing K-NET waveform key for K-NET:16975'
K-NET:16982,K-NET,other,'missing K-NET waveform key for K-NET:16982'
K-NET:17054,K-NET,other,'missing K-NET waveform key for K-NET:17054'
K-NET:17057,K-NET,other,'missing K-NET waveform key for K-NET:17057'
K-NET:17064,K-NET,other,'missing K-NET waveform key for K-NET:17064'
K-NET:17083,K-NET,other,'missing K-NET waveform key for K-NET:17083'
K-NET:17479,K-NET,other,'missing K-NET waveform key for K-NET:17479'
K-NET:17494,K-NET,other,'missing K-NET waveform key for K-NET:17494'
K-NET:17767,K-NET,other,'missing K-NET waveform key for K-NET:17767'
K-NET:17805,K-NET,other,'missing K-NET waveform key for K-NET:17805'
K-NET:17823,K-NET,other,'missing K-NET waveform key for K-NET:17823'
K-NET:17828,K-NET,other,'missing K-NET waveform key for K-NET:17828'
K-NET:18335,K-NET,other,'missing K-NET waveform key for K-NET:18335'
K-NET:18986,K-NET,other,'missing K-NET waveform key for K-NET:18986'
K-NET:18995,K-NET,other,'missing K-NET waveform key for K-NET:18995'
K-NET:18997,K-NET,other,'missing K-NET waveform key for K-NET:18997'
K-NET:18998,K-NET,other,'missing K-NET waveform key for K-NET:18998'
K-NET:19079,K-NET,other,'missing K-NET waveform key for K-NET:19079'
K-NET:19084,K-NET,other,'missing K-NET waveform key for K-NET:19084'
K-NET:19101,K-NET,other,'missing K-NET waveform key for K-NET:19101'
K-NET:19128,K-NET,other,'missing K-NET waveform key for K-NET:19128'
K-NET:19138,K-NET,other,'missing K-NET waveform key for K-NET:19138'
K-NET:19811,K-NET,other,'missing K-NET waveform key for K-NET:19811'
K-NET:19815,K-NET,other,'missing K-NET waveform key for K-NET:19815'
K-NET:20328,K-NET,other,'missing K-NET waveform key for K-NET:20328'
K-NET:20335,K-NET,other,'missing K-NET waveform key for K-NET:20335'
K-NET:20343,K-NET,other,'missing K-NET waveform key for K-NET:20343'
K-NET:21009,K-NET,other,'missing K-NET waveform key for K-NET:21009'
K-NET:21098,K-NET,other,'missing K-NET waveform key for K-NET:21098'
K-NET:21100,K-NET,other,'missing K-NET waveform key for K-NET:21100'
K-NET:21109,K-NET,other,'missing K-NET waveform key for K-NET:21109'
K-NET:21128,K-NET,other,'missing K-NET waveform key for K-NET:21128'
K-NET:21129,K-NET,other,'missing K-NET waveform key for K-NET:21129'
K-NET:21452,K-NET,other,'missing K-NET waveform key for K-NET:21452'
K-NET:21457,K-NET,other,'missing K-NET waveform key for K-NET:21457'
K-NET:21481,K-NET,other,'missing K-NET waveform key for K-NET:21481'
K-NET:21491,K-NET,other,'missing K-NET waveform key for K-NET:21491'
K-NET:21637,K-NET,other,'missing K-NET waveform key for K-NET:21637'
K-NET:21690,K-NET,other,'missing K-NET waveform key for K-NET:21690'
K-NET:21694,K-NET,other,'missing K-NET waveform key for K-NET:21694'
K-NET:2237,K-NET,other,'missing K-NET waveform key for K-NET:2237'
K-NET:2400,K-NET,other,'missing K-NET waveform key for K-NET:2400'
K-NET:2401,K-NET,other,'missing K-NET waveform key for K-NET:2401'
K-NET:2402,K-NET,other,'missing K-NET waveform key for K-NET:2402'
K-NET:2530,K-NET,other,'missing K-NET waveform key for K-NET:2530'
K-NET:2534,K-NET,other,'missing K-NET waveform key for K-NET:2534'
K-NET:2539,K-NET,other,'missing K-NET waveform key for K-NET:2539'
K-NET:2631,K-NET,other,'missing K-NET waveform key for K-NET:2631'
K-NET:2668,K-NET,other,'missing K-NET waveform key for K-NET:2668'
K-NET:2671,K-NET,other,'missing K-NET waveform key for K-NET:2671'
K-NET:2706,K-NET,other,'missing K-NET waveform key for K-NET:2706'
K-NET:2707,K-NET,other,'missing K-NET waveform key for K-NET:2707'
K-NET:3099,K-NET,other,'missing K-NET waveform key for K-NET:3099'
K-NET:3107,K-NET,other,'missing K-NET waveform key for K-NET:3107'
K-NET:3111,K-NET,other,'missing K-NET waveform key for K-NET:3111'
K-NET:3126,K-NET,other,'missing K-NET waveform key for K-NET:3126'
K-NET:3140,K-NET,other,'missing K-NET waveform key for K-NET:3140'
K-NET:3152,K-NET,other,'missing K-NET waveform key for K-NET:3152'
K-NET:3153,K-NET,other,'missing K-NET waveform key for K-NET:3153'
K-NET:3165,K-NET,other,'missing K-NET waveform key for K-NET:3165'
K-NET:3177,K-NET,other,'missing K-NET waveform key for K-NET:3177'
K-NET:3502,K-NET,other,'missing K-NET waveform key for K-NET:3502'
K-NET:3503,K-NET,other,'missing K-NET waveform key for K-NET:3503'
K-NET:3527,K-NET,other,'missing K-NET waveform key for K-NET:3527'
K-NET:3532,K-NET,other,'missing K-NET waveform key for K-NET:3532'
K-NET:3542,K-NET,other,'missing K-NET waveform key for K-NET:3542'
K-NET:363,K-NET,other,'missing K-NET waveform key for K-NET:363'
K-NET:374,K-NET,other,'missing K-NET waveform key for K-NET:374'
K-NET:3932,K-NET,other,'missing K-NET waveform key for K-NET:3932'
K-NET:3985,K-NET,other,'missing K-NET waveform key for K-NET:3985'
K-NET:4001,K-NET,other,'missing K-NET waveform key for K-NET:4001'
K-NET:4020,K-NET,other,'missing K-NET waveform key for K-NET:4020'
K-NET:4076,K-NET,other,'missing K-NET waveform key for K-NET:4076'
K-NET:4077,K-NET,other,'missing K-NET waveform key for K-NET:4077'
K-NET:4079,K-NET,other,'missing K-NET waveform key for K-NET:4079'
K-NET:4080,K-NET,other,'missing K-NET waveform key for K-NET:4080'
K-NET:4094,K-NET,other,'missing K-NET waveform key for K-NET:4094'
K-NET:4095,K-NET,other,'missing K-NET waveform key for K-NET:4095'
K-NET:4097,K-NET,other,'missing K-NET waveform key for K-NET:4097'
K-NET:4100,K-NET,other,'missing K-NET waveform key for K-NET:4100'
K-NET:4103,K-NET,other,'missing K-NET waveform key for K-NET:4103'
K-NET:4182,K-NET,other,'missing K-NET waveform key for K-NET:4182'
K-NET:4669,K-NET,other,'missing K-NET waveform key for K-NET:4669'
K-NET:4684,K-NET,other,'missing K-NET waveform key for K-NET:4684'
K-NET:5054,K-NET,other,'missing K-NET waveform key for K-NET:5054'
K-NET:5245,K-NET,other,'missing K-NET waveform key for K-NET:5245'
K-NET:5322,K-NET,other,'missing K-NET waveform key for K-NET:5322'
K-NET:5558,K-NET,other,'missing K-NET waveform key for K-NET:5558'
K-NET:5586,K-NET,other,'missing K-NET waveform key for K-NET:5586'
K-NET:5734,K-NET,other,'missing K-NET waveform key for K-NET:5734'
K-NET:5740,K-NET,other,'missing K-NET waveform key for K-NET:5740'
K-NET:5752,K-NET,other,'missing K-NET waveform key for K-NET:5752'
K-NET:5753,K-NET,other,'missing K-NET waveform key for K-NET:5753'
K-NET:5851,K-NET,other,'missing K-NET waveform key for K-NET:5851'
K-NET:5923,K-NET,other,'missing K-NET waveform key for K-NET:5923'
K-NET:5931,K-NET,other,'missing K-NET waveform key for K-NET:5931'
K-NET:5932,K-NET,other,'missing K-NET waveform key for K-NET:5932'
K-NET:5933,K-NET,other,'missing K-NET waveform key for K-NET:5933'
K-NET:5964,K-NET,other,'missing K-NET waveform key for K-NET:5964'
K-NET:5966,K-NET,other,'missing K-NET waveform key for K-NET:5966'
K-NET:6302,K-NET,other,'missing K-NET waveform key for K-NET:6302'
K-NET:6331,K-NET,other,'missing K-NET waveform key for K-NET:6331'
K-NET:6347,K-NET,other,'missing K-NET waveform key for K-NET:6347'
K-NET:6643,K-NET,other,'missing K-NET waveform key for K-NET:6643'
K-NET:6649,K-NET,other,'missing K-NET waveform key for K-NET:6649'
K-NET:6705,K-NET,other,'missing K-NET waveform key for K-NET:6705'
K-NET:6707,K-NET,other,'missing K-NET waveform key for K-NET:6707'
K-NET:6713,K-NET,other,'missing K-NET waveform key for K-NET:6713'
K-NET:6714,K-NET,other,'missing K-NET waveform key for K-NET:6714'
K-NET:6718,K-NET,other,'missing K-NET waveform key for K-NET:6718'
K-NET:6723,K-NET,other,'missing K-NET waveform key for K-NET:6723'
K-NET:6735,K-NET,other,'missing K-NET waveform key for K-NET:6735'
K-NET:6736,K-NET,other,'missing K-NET waveform key for K-NET:6736'
K-NET:7209,K-NET,other,'missing K-NET waveform key for K-NET:7209'
K-NET:7534,K-NET,other,'missing K-NET waveform key for K-NET:7534'
K-NET:7542,K-NET,other,'missing K-NET waveform key for K-NET:7542'
K-NET:7729,K-NET,other,'missing K-NET waveform key for K-NET:7729'
K-NET:7877,K-NET,other,'missing K-NET waveform key for K-NET:7877'
K-NET:7879,K-NET,other,'missing K-NET waveform key for K-NET:7879'
K-NET:7881,K-NET,other,'missing K-NET waveform key for K-NET:7881'
K-NET:7884,K-NET,other,'missing K-NET waveform key for K-NET:7884'
K-NET:7885,K-NET,other,'missing K-NET waveform key for K-NET:7885'
K-NET:7890,K-NET,other,'missing K-NET waveform key for K-NET:7890'
K-NET:7893,K-NET,other,'missing K-NET waveform key for K-NET:7893'
K-NET:7898,K-NET,other,'missing K-NET waveform key for K-NET:7898'
K-NET:8049,K-NET,other,'missing K-NET waveform key for K-NET:8049'
K-NET:8059,K-NET,other,'missing K-NET waveform key for K-NET:8059'
K-NET:83,K-NET,other,'missing K-NET waveform key for K-NET:83'
K-NET:8397,K-NET,other,'missing K-NET waveform key for K-NET:8397'
K-NET:844,K-NET,other,'missing K-NET waveform key for K-NET:844'
K-NET:846,K-NET,other,'missing K-NET waveform key for K-NET:846'
K-NET:847,K-NET,other,'missing K-NET waveform key for K-NET:847'
K-NET:8793,K-NET,other,'missing K-NET waveform key for K-NET:8793'
K-NET:8807,K-NET,other,'missing K-NET waveform key for K-NET:8807'
K-NET:8958,K-NET,other,'missing K-NET waveform key for K-NET:8958'
K-NET:8981,K-NET,other,'missing K-NET waveform key for K-NET:8981'
K-NET:9351,K-NET,other,'missing K-NET waveform key for K-NET:9351'
K-NET:9361,K-NET,other,'missing K-NET waveform key for K-NET:9361'
K-NET:9555,K-NET,other,'missing K-NET waveform key for K-NET:9555'
K-NET:9723,K-NET,other,'missing K-NET waveform key for K-NET:9723'
K-NET:9740,K-NET,other,'missing K-NET waveform key for K-NET:9740'
K-NET:9746,K-NET,other,'missing K-NET waveform key for K-NET:9746'
K-NET:9751,K-NET,other,'missing K-NET waveform key for K-NET:9751'
K-NET:9757,K-NET,other,'missing K-NET waveform key for K-NET:9757'
K-NET:9759,K-NET,other,'missing K-NET waveform key for K-NET:9759'
K-NET:9760,K-NET,other,'missing K-NET waveform key for K-NET:9760'
K-NET:9762,K-NET,other,'missing K-NET waveform key for K-NET:9762'
K-NET:985,K-NET,other,'missing K-NET waveform key for K-NET:985'
K-NET:987,K-NET,other,'missing K-NET waveform key for K-NET:987'
K-NET:991,K-NET,other,'missing K-NET waveform key for K-NET:991'
K-NET:993,K-NET,other,'missing K-NET waveform key for K-NET:993'
K-NET:10951,K-NET,other,'missing K-NET waveform key for K-NET:10951'
K-NET:11503,K-NET,other,'missing K-NET waveform key for K-NET:11503'
K-NET:11684,K-NET,other,'missing K-NET waveform key for K-NET:11684'
K-NET:11833,K-NET,other,'missing K-NET waveform key for K-NET:11833'
K-NET:11843,K-NET,other,'missing K-NET waveform key for K-NET:11843'
K-NET:12341,K-NET,other,'missing K-NET waveform key for K-NET:12341'
K-NET:12344,K-NET,other,'missing K-NET waveform key for K-NET:12344'
K-NET:12359,K-NET,other,'missing K-NET waveform key for K-NET:12359'
K-NET:12362,K-NET,other,'missing K-NET waveform key for K-NET:12362'
K-NET:12965,K-NET,other,'missing K-NET waveform key for K-NET:12965'
K-NET:12982,K-NET,other,'missing K-NET waveform key for K-NET:12982'
K-NET:12988,K-NET,other,'missing K-NET waveform key for K-NET:12988'
K-NET:13371,K-NET,other,'missing K-NET waveform key for K-NET:13371'
K-NET:13373,K-NET,other,'missing K-NET waveform key for K-NET:13373'
K-NET:13378,K-NET,other,'missing K-NET waveform key for K-NET:13378'
K-NET:13379,K-NET,other,'missing K-NET waveform key for K-NET:13379'
K-NET:13381,K-NET,other,'missing K-NET waveform key for K-NET:13381'
K-NET:13384,K-NET,other,'missing K-NET waveform key for K-NET:13384'
K-NET:13386,K-NET,other,'missing K-NET waveform key for K-NET:13386'
K-NET:13388,K-NET,other,'missing K-NET waveform key for K-NET:13388'
K-NET:13396,K-NET,other,'missing K-NET waveform key for K-NET:13396'
K-NET:13441,K-NET,other,'missing K-NET waveform key for K-NET:13441'
K-NET:13447,K-NET,other,'missing K-NET waveform key for K-NET:13447'
K-NET:13451,K-NET,other,'missing K-NET waveform key for K-NET:13451'
K-NET:13838,K-NET,other,'missing K-NET waveform key for K-NET:13838'
K-NET:13847,K-NET,other,'missing K-NET waveform key for K-NET:13847'
K-NET:13849,K-NET,other,'missing K-NET waveform key for K-NET:13849'
K-NET:14010,K-NET,other,'missing K-NET waveform key for K-NET:14010'
K-NET:14019,K-NET,other,'missing K-NET waveform key for K-NET:14019'
K-NET:1490,K-NET,other,'missing K-NET waveform key for K-NET:1490'
K-NET:14994,K-NET,other,'missing K-NET waveform key for K-NET:14994'
K-NET:15174,K-NET,other,'missing K-NET waveform key for K-NET:15174'
K-NET:15177,K-NET,other,'missing K-NET waveform key for K-NET:15177'
K-NET:15184,K-NET,other,'missing K-NET waveform key for K-NET:15184'
K-NET:15187,K-NET,other,'missing K-NET waveform key for K-NET:15187'
K-NET:15194,K-NET,other,'missing K-NET waveform key for K-NET:15194'
K-NET:15196,K-NET,other,'missing K-NET waveform key for K-NET:15196'
K-NET:15197,K-NET,other,'missing K-NET waveform key for K-NET:15197'
K-NET:15198,K-NET,other,'missing K-NET waveform key for K-NET:15198'
K-NET:15200,K-NET,other,'missing K-NET waveform key for K-NET:15200'
K-NET:15207,K-NET,other,'missing K-NET waveform key for K-NET:15207'
K-NET:15215,K-NET,other,'missing K-NET waveform key for K-NET:15215'
K-NET:15222,K-NET,other,'missing K-NET waveform key for K-NET:15222'
K-NET:1532,K-NET,other,'missing K-NET waveform key for K-NET:1532'
K-NET:1556,K-NET,other,'missing K-NET waveform key for K-NET:1556'
K-NET:15594,K-NET,other,'missing K-NET waveform key for K-NET:15594'
K-NET:15595,K-NET,other,'missing K-NET waveform key for K-NET:15595'
K-NET:15596,K-NET,other,'missing K-NET waveform key for K-NET:15596'
K-NET:15597,K-NET,other,'missing K-NET waveform key for K-NET:15597'
K-NET:15598,K-NET,other,'missing K-NET waveform key for K-NET:15598'
K-NET:15611,K-NET,other,'missing K-NET waveform key for K-NET:15611'
K-NET:15617,K-NET,other,'missing K-NET waveform key for K-NET:15617'
K-NET:15621,K-NET,other,'missing K-NET waveform key for K-NET:15621'
K-NET:1565,K-NET,other,'missing K-NET waveform key for K-NET:1565'
K-NET:16020,K-NET,other,'missing K-NET waveform key for K-NET:16020'
K-NET:16741,K-NET,other,'missing K-NET waveform key for K-NET:16741'
K-NET:17740,K-NET,other,'missing K-NET waveform key for K-NET:17740'
K-NET:17754,K-NET,other,'missing K-NET waveform key for K-NET:17754'
K-NET:17761,K-NET,other,'missing K-NET waveform key for K-NET:17761'
K-NET:18034,K-NET,other,'missing K-NET waveform key for K-NET:18034'
K-NET:183,K-NET,other,'missing K-NET waveform key for K-NET:183'
K-NET:18730,K-NET,other,'missing K-NET waveform key for K-NET:18730'
K-NET:18735,K-NET,other,'missing K-NET waveform key for K-NET:18735'
K-NET:1882,K-NET,other,'missing K-NET waveform key for K-NET:1882'
K-NET:1885,K-NET,other,'missing K-NET waveform key for K-NET:1885'
K-NET:193,K-NET,other,'missing K-NET waveform key for K-NET:193'
K-NET:19536,K-NET,other,'missing K-NET waveform key for K-NET:19536'
K-NET:19548,K-NET,other,'missing K-NET waveform key for K-NET:19548'
K-NET:1969,K-NET,other,'missing K-NET waveform key for K-NET:1969'
K-NET:1970,K-NET,other,'missing K-NET waveform key for K-NET:1970'
K-NET:21027,K-NET,other,'missing K-NET waveform key for K-NET:21027'
K-NET:21243,K-NET,other,'missing K-NET waveform key for K-NET:21243'
K-NET:21256,K-NET,other,'missing K-NET waveform key for K-NET:21256'
K-NET:21509,K-NET,other,'missing K-NET waveform key for K-NET:21509'
K-NET:21513,K-NET,other,'missing K-NET waveform key for K-NET:21513'
K-NET:2410,K-NET,other,'missing K-NET waveform key for K-NET:2410'
K-NET:2415,K-NET,other,'missing K-NET waveform key for K-NET:2415'
K-NET:2418,K-NET,other,'missing K-NET waveform key for K-NET:2418'
K-NET:2423,K-NET,other,'missing K-NET waveform key for K-NET:2423'
K-NET:2432,K-NET,other,'missing K-NET waveform key for K-NET:2432'
K-NET:2438,K-NET,other,'missing K-NET waveform key for K-NET:2438'
K-NET:2726,K-NET,other,'missing K-NET waveform key for K-NET:2726'
K-NET:2727,K-NET,other,'missing K-NET waveform key for K-NET:2727'
K-NET:2731,K-NET,other,'missing K-NET waveform key for K-NET:2731'
K-NET:2738,K-NET,other,'missing K-NET waveform key for K-NET:2738'
K-NET:2740,K-NET,other,'missing K-NET waveform key for K-NET:2740'
K-NET:3057,K-NET,other,'missing K-NET waveform key for K-NET:3057'
K-NET:3354,K-NET,other,'missing K-NET waveform key for K-NET:3354'
K-NET:3388,K-NET,other,'missing K-NET waveform key for K-NET:3388'
K-NET:3875,K-NET,other,'missing K-NET waveform key for K-NET:3875'
K-NET:3885,K-NET,other,'missing K-NET waveform key for K-NET:3885'
K-NET:4366,K-NET,other,'missing K-NET waveform key for K-NET:4366'
K-NET:4744,K-NET,other,'missing K-NET waveform key for K-NET:4744'
K-NET:4752,K-NET,other,'missing K-NET waveform key for K-NET:4752'
K-NET:4755,K-NET,other,'missing K-NET waveform key for K-NET:4755'
K-NET:4756,K-NET,other,'missing K-NET waveform key for K-NET:4756'
K-NET:477,K-NET,other,'missing K-NET waveform key for K-NET:477'
K-NET:4915,K-NET,other,'missing K-NET waveform key for K-NET:4915'
K-NET:4934,K-NET,other,'missing K-NET waveform key for K-NET:4934'
K-NET:4935,K-NET,other,'missing K-NET waveform key for K-NET:4935'
K-NET:4937,K-NET,other,'missing K-NET waveform key for K-NET:4937'
K-NET:4946,K-NET,other,'missing K-NET waveform key for K-NET:4946'
K-NET:4949,K-NET,other,'missing K-NET waveform key for K-NET:4949'
K-NET:4950,K-NET,other,'missing K-NET waveform key for K-NET:4950'
K-NET:496,K-NET,other,'missing K-NET waveform key for K-NET:496'
K-NET:506,K-NET,other,'missing K-NET waveform key for K-NET:506'
K-NET:5293,K-NET,other,'missing K-NET waveform key for K-NET:5293'
K-NET:5627,K-NET,other,'missing K-NET waveform key for K-NET:5627'
K-NET:5903,K-NET,other,'missing K-NET waveform key for K-NET:5903'
K-NET:6965,K-NET,other,'missing K-NET waveform key for K-NET:6965'
K-NET:6971,K-NET,other,'missing K-NET waveform key for K-NET:6971'
K-NET:6987,K-NET,other,'missing K-NET waveform key for K-NET:6987'
K-NET:6991,K-NET,other,'missing K-NET waveform key for K-NET:6991'
K-NET:7960,K-NET,other,'missing K-NET waveform key for K-NET:7960'
K-NET:9217,K-NET,other,'missing K-NET waveform key for K-NET:9217'
K-NET:9226,K-NET,other,'missing K-NET waveform key for K-NET:9226'
K-NET:9228,K-NET,other,'missing K-NET waveform key for K-NET:9228'
K-NET:9462,K-NET,other,'missing K-NET waveform key for K-NET:9462'
K-NET:9833,K-NET,other,'missing K-NET waveform key for K-NET:9833'
K-NET:9841,K-NET,other,'missing K-NET waveform key for K-NET:9841'
K-NET:14830,K-NET,other,'missing K-NET waveform key for K-NET:14830'
K-NET:14929,K-NET,other,'missing K-NET waveform key for K-NET:14929'
K-NET:16448,K-NET,other,'missing K-NET waveform key for K-NET:16448'
K-NET:17421,K-NET,other,'missing K-NET waveform key for K-NET:17421'
K-NET:17429,K-NET,other,'missing K-NET waveform key for K-NET:17429'
K-NET:20219,K-NET,other,'missing K-NET waveform key for K-NET:20219'
K-NET:6293,K-NET,other,'missing K-NET waveform key for K-NET:6293'
K-NET:6600,K-NET,other,'missing K-NET waveform key for K-NET:6600'
K-NET:6604,K-NET,other,'missing K-NET waveform key for K-NET:6604'
K-NET:8781,K-NET,other,'missing K-NET waveform key for K-NET:8781'
K-NET:14682,K-NET,other,'missing K-NET waveform key for K-NET:14682'
K-NET:14683,K-NET,other,'missing K-NET waveform key for K-NET:14683'
K-NET:14685,K-NET,other,'missing K-NET waveform key for K-NET:14685'
K-NET:14688,K-NET,other,'missing K-NET waveform key for K-NET:14688'
K-NET:17361,K-NET,other,'missing K-NET waveform key for K-NET:17361'
K-NET:20962,K-NET,other,'missing K-NET waveform key for K-NET:20962'
K-NET:20975,K-NET,other,'missing K-NET waveform key for K-NET:20975'
K-NET:6166,K-NET,other,'missing K-NET waveform key for K-NET:6166'
K-NET:6167,K-NET,other,'missing K-NET waveform key for K-NET:6167'
K-NET:6169,K-NET,other,'missing K-NET waveform key for K-NET:6169'
K-NET:7127,K-NET,other,'missing K-NET waveform key for K-NET:7127'
K-NET:7571,K-NET,other,'missing K-NET waveform key for K-NET:7571'
K-NET:9658,K-NET,other,'missing K-NET waveform key for K-NET:9658'
K-NET:966,K-NET,other,'missing K-NET waveform key for K-NET:966'
K-NET:9675,K-NET,other,'missing K-NET waveform key for K-NET:9675'
K-NET:9677,K-NET,other,'missing K-NET waveform key for K-NET:9677'
K-NET:9680,K-NET,other,'missing K-NET waveform key for K-NET:9680'
K-NET:9697,K-NET,other,'missing K-NET waveform key for K-NET:9697'
K-NET:9698,K-NET,other,'missing K-NET waveform key for K-NET:9698'
K-NET:9700,K-NET,other,'missing K-NET waveform key for K-NET:9700'
K-NET:9709,K-NET,other,'missing K-NET waveform key for K-NET:9709'
K-NET:9710,K-NET,other,'missing K-NET waveform key for K-NET:9710'
K-NET:12875,K-NET,other,'missing K-NET waveform key for K-NET:12875'
K-NET:13969,K-NET,other,'missing K-NET waveform key for K-NET:13969'
K-NET:13980,K-NET,other,'missing K-NET waveform key for K-NET:13980'
K-NET:15081,K-NET,other,'missing K-NET waveform key for K-NET:15081'
K-NET:15941,K-NET,other,'missing K-NET waveform key for K-NET:15941'
K-NET:1688,K-NET,other,'missing K-NET waveform key for K-NET:1688'
K-NET:1692,K-NET,other,'missing K-NET waveform key for K-NET:1692'
K-NET:21199,K-NET,other,'missing K-NET waveform key for K-NET:21199'
K-NET:21200,K-NET,other,'missing K-NET waveform key for K-NET:21200'
K-NET:21203,K-NET,other,'missing K-NET waveform key for K-NET:21203'
K-NET:2272,K-NET,other,'missing K-NET waveform key for K-NET:2272'
K-NET:3129,K-NET,other,'missing K-NET waveform key for K-NET:3129'
K-NET:7931,K-NET,other,'missing K-NET waveform key for K-NET:7931'
K-NET:9065,K-NET,other,'missing K-NET waveform key for K-NET:9065'
K-NET:9415,K-NET,other,'missing K-NET waveform key for K-NET:9415'
K-NET:9421,K-NET,other,'missing K-NET waveform key for K-NET:9421'
K-NET:10085,K-NET,other,'missing K-NET waveform key for K-NET:10085'
K-NET:10381,K-NET,other,'missing K-NET waveform key for K-NET:10381'
K-NET:11360,K-NET,other,'missing K-NET waveform key for K-NET:11360'
K-NET:11361,K-NET,other,'missing K-NET waveform key for K-NET:11361'
K-NET:11364,K-NET,other,'missing K-NET waveform key for K-NET:11364'
K-NET:11369,K-NET,other,'missing K-NET waveform key for K-NET:11369'
K-NET:11373,K-NET,other,'missing K-NET waveform key for K-NET:11373'
K-NET:11388,K-NET,other,'missing K-NET waveform key for K-NET:11388'
K-NET:11450,K-NET,other,'missing K-NET waveform key for K-NET:11450'
K-NET:12372,K-NET,other,'missing K-NET waveform key for K-NET:12372'
K-NET:12374,K-NET,other,'missing K-NET waveform key for K-NET:12374'
K-NET:12375,K-NET,other,'missing K-NET waveform key for K-NET:12375'
K-NET:12386,K-NET,other,'missing K-NET waveform key for K-NET:12386'
K-NET:12862,K-NET,other,'missing K-NET waveform key for K-NET:12862'
K-NET:13295,K-NET,other,'missing K-NET waveform key for K-NET:13295'
K-NET:14294,K-NET,other,'missing K-NET waveform key for K-NET:14294'
K-NET:14298,K-NET,other,'missing K-NET waveform key for K-NET:14298'
K-NET:14300,K-NET,other,'missing K-NET waveform key for K-NET:14300'
K-NET:14302,K-NET,other,'missing K-NET waveform key for K-NET:14302'
K-NET:14304,K-NET,other,'missing K-NET waveform key for K-NET:14304'
K-NET:14320,K-NET,other,'missing K-NET waveform key for K-NET:14320'
K-NET:14321,K-NET,other,'missing K-NET waveform key for K-NET:14321'
K-NET:19886,K-NET,other,'missing K-NET waveform key for K-NET:19886'
K-NET:19890,K-NET,other,'missing K-NET waveform key for K-NET:19890'
K-NET:20379,K-NET,other,'missing K-NET waveform key for K-NET:20379'
K-NET:20792,K-NET,other,'missing K-NET waveform key for K-NET:20792'
K-NET:20797,K-NET,other,'missing K-NET waveform key for K-NET:20797'
K-NET:20798,K-NET,other,'missing K-NET waveform key for K-NET:20798'
K-NET:20803,K-NET,other,'missing K-NET waveform key for K-NET:20803'
K-NET:21046,K-NET,other,'missing K-NET waveform key for K-NET:21046'
K-NET:2562,K-NET,other,'missing K-NET waveform key for K-NET:2562'
K-NET:332,K-NET,other,'missing K-NET waveform key for K-NET:332'
K-NET:4611,K-NET,other,'missing K-NET waveform key for K-NET:4611'
K-NET:4623,K-NET,other,'missing K-NET waveform key for K-NET:4623'
K-NET:9194,K-NET,other,'missing K-NET waveform key for K-NET:9194'
K-NET:9198,K-NET,other,'missing K-NET waveform key for K-NET:9198'
K-NET:9370,K-NET,other,'missing K-NET waveform key for K-NET:9370'
K-NET:9377,K-NET,other,'missing K-NET waveform key for K-NET:9377'
K-NET:9388,K-NET,other,'missing K-NET waveform key for K-NET:9388'
K-NET:104,K-NET,other,'missing K-NET waveform key for K-NET:104'
K-NET:105,K-NET,other,'missing K-NET waveform key for K-NET:105'
K-NET:10790,K-NET,other,'missing K-NET waveform key for K-NET:10790'
K-NET:10794,K-NET,other,'missing K-NET waveform key for K-NET:10794'
K-NET:10798,K-NET,other,'missing K-NET waveform key for K-NET:10798'
K-NET:108,K-NET,other,'missing K-NET waveform key for K-NET:108'
K-NET:10917,K-NET,other,'missing K-NET waveform key for K-NET:10917'
K-NET:10920,K-NET,other,'missing K-NET waveform key for K-NET:10920'
K-NET:11050,K-NET,other,'missing K-NET waveform key for K-NET:11050'
K-NET:12156,K-NET,other,'missing K-NET waveform key for K-NET:12156'
K-NET:12157,K-NET,other,'missing K-NET waveform key for K-NET:12157'
K-NET:12161,K-NET,other,'missing K-NET waveform key for K-NET:12161'
K-NET:12184,K-NET,other,'missing K-NET waveform key for K-NET:12184'
K-NET:122,K-NET,other,'missing K-NET waveform key for K-NET:122'
K-NET:126,K-NET,other,'missing K-NET waveform key for K-NET:126'
K-NET:12673,K-NET,other,'missing K-NET waveform key for K-NET:12673'
K-NET:127,K-NET,other,'missing K-NET waveform key for K-NET:127'
K-NET:14644,K-NET,other,'missing K-NET waveform key for K-NET:14644'
K-NET:17634,K-NET,other,'missing K-NET waveform key for K-NET:17634'
K-NET:18864,K-NET,other,'missing K-NET waveform key for K-NET:18864'
K-NET:18878,K-NET,other,'missing K-NET waveform key for K-NET:18878'
K-NET:20018,K-NET,other,'missing K-NET waveform key for K-NET:20018'
K-NET:207,K-NET,other,'missing K-NET waveform key for K-NET:207'
K-NET:20711,K-NET,other,'missing K-NET waveform key for K-NET:20711'
K-NET:20716,K-NET,other,'missing K-NET waveform key for K-NET:20716'
K-NET:20720,K-NET,other,'missing K-NET waveform key for K-NET:20720'
K-NET:21600,K-NET,other,'missing K-NET waveform key for K-NET:21600'
K-NET:21608,K-NET,other,'missing K-NET waveform key for K-NET:21608'
K-NET:2800,K-NET,other,'missing K-NET waveform key for K-NET:2800'
K-NET:2802,K-NET,other,'missing K-NET waveform key for K-NET:2802'
K-NET:2808,K-NET,other,'missing K-NET waveform key for K-NET:2808'
K-NET:2811,K-NET,other,'missing K-NET waveform key for K-NET:2811'
K-NET:2813,K-NET,other,'missing K-NET waveform key for K-NET:2813'
K-NET:3080,K-NET,other,'missing K-NET waveform key for K-NET:3080'
K-NET:5611,K-NET,other,'missing K-NET waveform key for K-NET:5611'
K-NET:5614,K-NET,other,'missing K-NET waveform key for K-NET:5614'
K-NET:5616,K-NET,other,'missing K-NET waveform key for K-NET:5616'
K-NET:5812,K-NET,other,'missing K-NET waveform key for K-NET:5812'
K-NET:5821,K-NET,other,'missing K-NET waveform key for K-NET:5821'
K-NET:5826,K-NET,other,'missing K-NET waveform key for K-NET:5826'
K-NET:7636,K-NET,other,'missing K-NET waveform key for K-NET:7636'
K-NET:10417,K-NET,other,'missing K-NET waveform key for K-NET:10417'
K-NET:20831,K-NET,other,'missing K-NET waveform key for K-NET:20831'
K-NET:20838,K-NET,other,'missing K-NET waveform key for K-NET:20838'
K-NET:22029,K-NET,other,'missing K-NET waveform key for K-NET:22029'
K-NET:22030,K-NET,other,'missing K-NET waveform key for K-NET:22030'
K-NET:22033,K-NET,other,'missing K-NET waveform key for K-NET:22033'
K-NET:22041,K-NET,other,'missing K-NET waveform key for K-NET:22041'
K-NET:22043,K-NET,other,'missing K-NET waveform key for K-NET:22043'
K-NET:22046,K-NET,other,'missing K-NET waveform key for K-NET:22046'
K-NET:22050,K-NET,other,'missing K-NET waveform key for K-NET:22050'
K-NET:6386,K-NET,other,'missing K-NET waveform key for K-NET:6386'
K-NET:6445,K-NET,other,'missing K-NET waveform key for K-NET:6445'
K-NET:6458,K-NET,other,'missing K-NET waveform key for K-NET:6458'
K-NET:7596,K-NET,other,'missing K-NET waveform key for K-NET:7596'
K-NET:16989,K-NET,other,'missing K-NET waveform key for K-NET:16989'
K-NET:16991,K-NET,other,'missing K-NET waveform key for K-NET:16991'
K-NET:16993,K-NET,other,'missing K-NET waveform key for K-NET:16993'
K-NET:16998,K-NET,other,'missing K-NET waveform key for K-NET:16998'
K-NET:17007,K-NET,other,'missing K-NET waveform key for K-NET:17007'
